Airport__Name,Aircraft__Make_Model,Effect__Amount_of_damage,Flight_Date,Aircraft__Airline_Operator,Origin_State,When__Phase_of_flight,Wildlife__Size,Wildlife__Species,When__Time_of_day,Cost__Other,Cost__Repair,Cost__Total_$,Speed_IAS_in_knots
ATLANTA INTL,C-130H,None,7/17/02 0:00,MILITARY,Georgia,Climb,Small,Unknown bird - small,Day,0,0,0,150.0
LIHUE ARPT,DC-9-50,None,4/3/96 0:00,HAWAIIAN AIR,Hawaii,Climb,Small,Unknown bird - small,Dawn,0,0,0,140.0
LAMBERT-ST LOUIS INTL,B-737-300,None,8/20/97 0:00,SOUTHWEST AIRLINES,Missouri,Approach,Small,Unknown bird - small,Day,0,0,0,170.0
CINCINNATI/NORTHERN KENTUCKY INTL ARPT,B-727,None,5/2/96 0:00,ASTAR AIR CARGO,Kentucky,Landing Roll,Small,Unknown bird - small,Night,0,0,0,
LIHUE ARPT,B-737-200,None,3/8/98 0:00,ALOHA AIRLINES,Hawaii,Landing Roll,Small,Barn owl,Night,0,0,0,137.0
CLEVELAND-HOPKINS INTL ARPT,BE-1900,None,4/28/01 0:00,EXPRESSJET (CONTINENTAL EXPRS),Ohio,Approach,Small,European starling,Day,0,0,0,120.0
DALLAS/FORT WORTH INTL ARPT,MD-80,None,8/7/93 0:00,AMERICAN AIRLINES,Texas,Approach,Small,Mourning dove,Day,0,0,0,130.0
BARKSDALE AIR FORCE BASE ARPT,KC-10A,None,7/21/93 0:00,MILITARY,Louisiana,Approach,Medium,Unknown bird or bat,Day,0,0,0,150.0
JOHN F KENNEDY INTL,B-767-200,Substantial,6/22/93 0:00,UNITED AIRLINES,New York,Climb,Small,Laughing gull,Day,0,0,0,
PORT COLUMBUS INTL,EMB-145,None,7/23/02 0:00,AMERICAN EAGLE AIRLINES,Ohio,Approach,Medium,Unknown bird - medium,Day,0,0,0,
WASHINGTON DULLES INTL ARPT,A-319,None,3/25/01 0:00,AIR CANADA,DC,Approach,Small,Unknown bird - small,Night,0,0,0,150.0
RONALD REAGAN WASHINGTON NATL,B-727,None,3/4/94 0:00,NORTHWEST AIRLINES,DC,Approach,Medium,Red-tailed hawk,Day,0,0,0,125.0
LOS ANGELES INTL,MD-80,None,9/4/99 0:00,AMERICAN AIRLINES,California,Landing Roll,Small,Unknown bird - small,Day,0,0,0,130.0
RONALD REAGAN WASHINGTON NATL,B-737,None,5/27/92 0:00,CONTINENTAL AIRLINES,DC,Approach,Small,Unknown bird - small,Day,0,0,0,140.0
PORTLAND INTL (OR),DHC8 DASH 8,None,10/11/99 0:00,HORIZON AIR,Oregon,Climb,Small,European starling,Dusk,0,0,0,140.0
DENVER INTL AIRPORT,A-320,None,10/15/98 0:00,UNITED AIRLINES,Colorado,Approach,Small,Unknown bird - small,Day,0,0,0,
PHOENIX SKY HARBOR,B-737-200,None,9/4/00 0:00,AMERICA WEST AIRLINES,Arizona,Take-off run,Small,Unknown bird - small,Night,0,0,0,
ATLANTA INTL,B-727-200,None,8/16/00 0:00,DELTA AIR LINES,Georgia,Approach,Medium,Unknown bird - medium,Day,0,0,0,140.0
PORT COLUMBUS INTL,FOKKER F100,None,8/13/00 0:00,US AIRWAYS*,Ohio,Take-off run,Small,Unknown bird - small,Day,0,0,0,
AUSTIN-BERGSTROM INTL,B-737-300,None,10/20/99 0:00,SOUTHWEST AIRLINES,Texas,Approach,Small,Unknown bird - small,Day,0,0,0,140.0
CINCINNATI/NORTHERN KENTUCKY INTL ARPT,CL-RJ100/200,None,7/19/00 0:00,COMAIR AIRLINES,Kentucky,Climb,Medium,American crow,Day,0,0,0,150.0
CINCINNATI/NORTHERN KENTUCKY INTL ARPT,A-310,None,10/14/94 0:00,DELTA AIR LINES,Kentucky,Approach,Small,European starling,Day,0,0,0,130.0
DALLAS/FORT WORTH INTL ARPT,MD-82,None,6/15/92 0:00,AMERICAN AIRLINES,Texas,Landing Roll,Medium,Unknown bird - medium,Day,0,0,0,127.0
LAMBERT-ST LOUIS INTL,ATR-42,Minor,1/2/94 0:00,TRANS STATES AIRLINES,Missouri,Approach,Medium,Unknown bird - medium,Day,0,0,0,170.0
PORT COLUMBUS INTL,BE-200 KING,None,3/14/95 0:00,MESA AIRLINES,Ohio,Landing Roll,Medium,Unknown bird - medium,Day,0,0,0,
LOUISVILLE INTL ARPT,B-737,None,7/7/90 0:00,UNITED AIRLINES,Kentucky,Take-off run,Small,Unknown bird - small,Day,0,0,0,140.0
BARKSDALE AIR FORCE BASE ARPT,KC-135,None,7/20/93 0:00,MILITARY,Louisiana,Take-off run,Medium,Unknown bird or bat,Day,0,0,0,130.0
LAMBERT-ST LOUIS INTL,DC-9-40,None,9/8/00 0:00,ABX AIR,Missouri,Approach,Medium,Unknown bird - medium,Night,0,0,0,
ATLANTA INTL,DC-9,None,4/21/99 0:00,AIRTRAN AIRWAYS,Georgia,Climb,Medium,Unknown bird - medium,Night,1372,0,1372,210.0
MINETA SAN JOSE INTL,MD-80,Medium,9/19/99 0:00,AMERICAN AIRLINES,California,Approach,Large,Unknown bird - large,Night,0,0,0,
CHICAGO O'HARE INTL ARPT,MD-80,None,4/13/93 0:00,AMERICAN AIRLINES,Illinois,Climb,Large,Unknown bird - large,Night,0,0,0,250.0
CINCINNATI/NORTHERN KENTUCKY INTL ARPT,CL-RJ100/200,None,9/10/01 0:00,COMAIR AIRLINES,Kentucky,Take-off run,Small,Killdeer,Day,0,0,0,105.0
NEW ORLEANS INTL,CITATION II,Minor,4/18/98 0:00,EXECUTIVE JET AVIATION,Louisiana,Descent,Medium,Unknown bird - medium,Day,0,0,0,
CINCINNATI/NORTHERN KENTUCKY INTL ARPT,B-757-200,Substantial,2/22/99 0:00,DELTA AIR LINES,Kentucky,Climb,Small,European starling,Day,0,686031,686031,150.0
SACRAMENTO INTL,A-320,None,8/5/99 0:00,NORTHWEST AIRLINES,California,Climb,Medium,Unknown bird - medium,Day,0,0,0,
BARKSDALE AIR FORCE BASE ARPT,KC-10A,None,5/6/91 0:00,MILITARY,Louisiana,Approach,Medium,Unknown bird or bat,Night,0,0,0,180.0
NASHVILLE INTL,B-737-500,None,4/8/99 0:00,DELTA AIR LINES,Tennessee,Descent,Medium,Unknown bird - medium,Night,0,0,0,250.0
BARKSDALE AIR FORCE BASE ARPT,KC-10A,None,9/23/92 0:00,MILITARY,Louisiana,Approach,Medium,Unknown bird or bat,Night,0,0,0,185.0
PORTLAND INTL (OR),B-757-200,None,7/2/02 0:00,UNITED AIRLINES,Oregon,Approach,Medium,Unknown bird - medium,Day,0,0,0,
NASHVILLE INTL,BA-31 JETSTR,Substantial,7/5/93 0:00,AMERICAN EAGLE AIRLINES,Tennessee,Approach,Medium,Unknown bird - medium,Day,0,0,0,105.0
LIHUE ARPT,B-737-200,None,12/21/96 0:00,ALOHA AIRLINES,Hawaii,Approach,Small,Unknown bird - small,Day,0,0,0,130.0
NASHVILLE INTL,B-757-200,None,9/30/91 0:00,AMERICAN AIRLINES,Tennessee,Approach,Small,Unknown bird - small,Day,0,0,0,130.0
GEORGE BUSH INTERCONTINENTAL,FOKKER F100,None,10/3/94 0:00,AMERICAN AIRLINES,Texas,Climb,Small,Unknown bird - small,Night,0,0,0,250.0
DENVER INTL AIRPORT,A-319,None,5/23/01 0:00,AMERICA WEST AIRLINES,Colorado,Take-off run,Small,Unknown bird - small,Day,0,0,0,115.0
DENVER INTL AIRPORT,B-737-300,None,5/20/02 0:00,AMERICA WEST AIRLINES,Colorado,Take-off run,Small,Unknown bird - small,Day,0,0,0,140.0
RONALD REAGAN WASHINGTON NATL,FOKKER F100,None,6/9/95 0:00,US AIRWAYS*,DC,Climb,Small,Unknown bird - small,Day,0,0,0,170.0
MINETA SAN JOSE INTL,MD-83,None,12/16/95 0:00,AMERICAN AIRLINES,California,Approach,Small,Unknown bird - small,Night,0,0,0,220.0
MINETA SAN JOSE INTL,B-757-200,None,7/12/01 0:00,AMERICAN AIRLINES,California,Approach,Small,Unknown bird - small,Day,0,0,0,125.0
SALT LAKE CITY INTL,C-172,Substantial,11/23/96 0:00,PRIVATELY OWNED,Utah,Approach,Large,Unknown bird - large,Dawn,0,0,0,
PHILADELPHIA INTL,FOKKER F28 MK 4000,None,7/7/95 0:00,US AIRWAYS*,Pennsylvania,Approach,Large,Unknown bird - large,Night,0,0,0,
KANSAS CITY INTL,B-737,None,10/27/00 0:00,DELTA AIR LINES,Missouri,Approach,Small,Unknown bird - small,Night,0,0,0,135.0
SACRAMENTO INTL,A-319,None,4/8/01 0:00,NORTHWEST AIRLINES,California,Approach,Large,Unknown bird - large,Night,0,0,0,136.0
SACRAMENTO INTL,C-141B,None,2/8/95 0:00,MILITARY,California,Approach,Medium,Unknown bird - medium,Day,0,0,0,130.0
NEW ORLEANS INTL,B-737-200,None,4/8/93 0:00,US AIRWAYS*,Louisiana,Take-off run,Small,Unknown bird - small,Day,0,0,0,160.0
DENVER INTL AIRPORT,B-757-200,Substantial,6/15/00 0:00,UNITED AIRLINES,Colorado,Take-off run,Medium,Unknown bird - medium,Day,0,0,0,
WASHINGTON DULLES INTL ARPT,BA-41 JETSTR,None,4/29/97 0:00,ATLANTIC COAST AIRLINES,DC,Approach,Large,Canada goose,Day,0,0,0,123.0
SAN FRANCISCO INTL ARPT,B-737-300,None,6/2/02 0:00,UNITED AIRLINES,California,Take-off run,Small,European starling,Day,0,0,0,
LOS ANGELES INTL,B-767-300,None,9/2/96 0:00,DELTA AIR LINES,California,Approach,Medium,Unknown bird - medium,Night,0,0,0,180.0
DALLAS/FORT WORTH INTL ARPT,MD-82,None,9/12/91 0:00,AMERICAN AIRLINES,Texas,Take-off run,Medium,Unknown bird - medium,Dawn,0,0,0,135.0
METRO OAKLAND INTL,B-737-500,None,10/15/00 0:00,SOUTHWEST AIRLINES,California,Climb,Small,Mourning dove,Day,0,0,0,160.0
DALLAS/FORT WORTH INTL ARPT,MD-80,None,9/22/90 0:00,AMERICAN AIRLINES,Texas,Approach,Medium,Unknown bird - medium,Night,0,0,0,160.0
HONOLULU INTL ARPT,B-737-200,None,10/2/97 0:00,ALOHA AIRLINES,Hawaii,Approach,Medium,Unknown bird - medium,Night,0,0,0,140.0
HOUSTON-HOBBY,B-737-200,None,9/17/00 0:00,SOUTHWEST AIRLINES,Texas,Climb,Medium,Unknown bird - medium,Day,0,0,0,250.0
CINCINNATI/NORTHERN KENTUCKY INTL ARPT,SAAB-340,None,9/27/94 0:00,COMAIR AIRLINES,Kentucky,Landing Roll,Small,Unknown bird - small,Day,0,0,0,
JOHN F KENNEDY INTL,BA-31 JETSTR,None,7/30/96 0:00,ATLANTIC COAST AIRLINES,New York,Take-off run,Medium,Unknown bird - medium,Day,0,0,0,
LOUISVILLE INTL ARPT,DC-9,None,7/28/96 0:00,NORTHWEST AIRLINES,Kentucky,Landing Roll,Small,Mourning dove,Day,0,0,0,
PORTLAND INTL (OR),B-737-300,None,3/19/99 0:00,AMERICA WEST AIRLINES,Oregon,Descent,Medium,Unknown bird - medium,Night,0,0,0,250.0
CHARLOTTE/DOUGLAS INTL ARPT,C-208,None,10/15/97 0:00,BUSINESS,North Carolina,Approach,Medium,Unknown bird - medium,Night,362,0,362,150.0
NASHVILLE INTL,MD-82,None,9/15/93 0:00,AMERICAN AIRLINES,Tennessee,Approach,Small,Unknown bird - small,Day,0,0,0,140.0
CHARLESTON AFB/INTL ARPT,B-737-400,None,10/12/95 0:00,US AIRWAYS*,South Carolina,Take-off run,Medium,Unknown bird - medium,Day,0,0,0,95.0
PORTLAND INTL (OR),C-560,None,9/10/90 0:00,BUSINESS,Oregon,Approach,Small,Rock pigeon,Day,0,0,0,115.0
HOUSTON-HOBBY,B-737-500,None,2/5/97 0:00,SOUTHWEST AIRLINES,Texas,Approach,Small,Unknown bird - small,Day,0,0,0,120.0
ATLANTA INTL,B-757-200,None,11/10/97 0:00,AMERICA WEST AIRLINES,Georgia,Approach,Small,Unknown bird - small,Day,0,0,0,135.0
SALT LAKE CITY INTL,B-737-500,Minor,6/6/01 0:00,UNITED AIRLINES,Utah,Take-off run,Small,Unknown bird - small,Day,0,0,0,
DALLAS/FORT WORTH INTL ARPT,B-727,None,4/21/92 0:00,AMERICAN AIRLINES,Texas,Approach,Large,Unknown bird - large,Day,0,0,0,140.0
DALLAS/FORT WORTH INTL ARPT,FOKKER F100,None,9/1/01 0:00,AMERICAN AIRLINES,Texas,Climb,Small,Unknown bird - small,Night,0,0,0,200.0
DALLAS/FORT WORTH INTL ARPT,MD-80,None,7/12/92 0:00,AMERICAN AIRLINES,Texas,Approach,Medium,Unknown bird - medium,Day,0,0,0,
LOS ANGELES INTL,EMB-120,None,8/29/96 0:00,SKYWEST AIRLINES,California,Landing Roll,Medium,Unknown bird - medium,Day,0,0,0,100.0
HONOLULU INTL ARPT,DC-10,None,9/20/01 0:00,BUSINESS,Hawaii,Landing Roll,Small,Unknown bird - small,Day,0,0,0,
DETROIT METRO WAYNE COUNTY ARPT,DC-9,None,10/27/96 0:00,NORTHWEST AIRLINES,Michigan,Take-off run,Medium,Unknown bird - medium,Dusk,0,0,0,
ATLANTA INTL,B-767-300,None,9/21/98 0:00,DELTA AIR LINES,Georgia,Descent,Large,Unknown bird - large,Day,0,0,0,
RONALD REAGAN WASHINGTON NATL,MD-82,None,9/18/97 0:00,AMERICAN AIRLINES,DC,Approach,Medium,Unknown bird - medium,Night,0,0,0,150.0
DALLAS/FORT WORTH INTL ARPT,MD-80,None,3/25/00 0:00,AMERICAN AIRLINES,Texas,Climb,Small,Unknown bird - small,Day,0,0,0,160.0
MEMPHIS INTL,A-300,Substantial,5/3/00 0:00,FEDEX EXPRESS,Tennessee,Take-off run,Medium,Unknown bird - medium,Day,0,0,0,133.0
LOS ANGELES INTL,B-757-200,None,5/8/98 0:00,AMERICAN AIRLINES,California,Approach,Small,Unknown bird - small,Night,0,0,0,240.0
CINCINNATI/NORTHERN KENTUCKY INTL ARPT,EMB-120,None,8/29/93 0:00,COMAIR AIRLINES,Kentucky,Climb,Small,Unknown bird - small,Day,0,0,0,200.0
NEWARK LIBERTY INTL ARPT,A-300,None,7/31/93 0:00,AMERICAN AIRLINES,New Jersey,Climb,Small,Unknown bird - small,Day,0,0,0,220.0
GREATER PITTSBURGH,DORNIER 328,None,9/25/01 0:00,PSA AIRLINES,Pennsylvania,Approach,Small,Unknown bird - small,Day,0,0,0,
CHICAGO O'HARE INTL ARPT,A-320,None,8/16/00 0:00,UNITED AIRLINES,Illinois,Climb,Medium,Unknown bird - medium,Day,0,0,0,190.0
LOS ANGELES INTL,B-767-300,None,12/26/99 0:00,AMERICAN AIRLINES,California,Climb,Small,Unknown bird - small,Day,0,0,0,140.0
PORTLAND INTL (OR),MD-80,None,8/29/90 0:00,AMERICAN AIRLINES,Oregon,Approach,Small,Unknown bird - small,Day,0,0,0,130.0
WILL ROGERS WORLD ARPT,B-727,None,8/28/90 0:00,FEDEX EXPRESS,Oklahoma,Descent,Large,Unknown bird - large,Night,0,0,0,250.0
CHARLESTON AFB/INTL ARPT,C-17A,None,12/4/98 0:00,MILITARY,South Carolina,Approach,Medium,Unknown bird or bat,Day,0,0,0,130.0
LOUISVILLE INTL ARPT,B-727-100,None,6/3/91 0:00,AMERICAN AIRLINES,Kentucky,Approach,Small,Unknown bird - small,Night,0,0,0,210.0
WASHINGTON DULLES INTL ARPT,MD-80,None,5/8/97 0:00,AMERICAN AIRLINES,DC,Approach,Small,Unknown bird - small,Day,0,0,0,155.0
NEWARK LIBERTY INTL ARPT,FOKKER F100,None,5/1/97 0:00,AMERICAN AIRLINES,New Jersey,Approach,Small,Unknown bird - small,Night,0,0,0,135.0
METRO OAKLAND INTL,B-737,Minor,2/5/95 0:00,SOUTHWEST AIRLINES,California,Approach,Large,Unknown bird - large,Night,0,0,0,120.0
JOHN F KENNEDY INTL,DC-8-70,None,5/14/92 0:00,UPS AIRLINES,New York,Climb,Small,Unknown bird - small,Night,0,0,0,180.0
PORTLAND INTL (OR),DHC8 DASH 8,None,5/9/95 0:00,HORIZON AIR,Oregon,Climb,Small,European starling,Dusk,0,0,0,
ORLANDO INTL,B-737-500,None,3/11/02 0:00,SOUTHWEST AIRLINES,Florida,Approach,Large,Unknown bird - large,Night,0,0,0,200.0
BARKSDALE AIR FORCE BASE ARPT,C-130E,None,5/20/99 0:00,MILITARY,Louisiana,Approach,Medium,Unknown bird or bat,Day,0,0,0,
RONALD REAGAN WASHINGTON NATL,MD-82,None,8/14/97 0:00,AMERICAN AIRLINES,DC,Approach,Medium,Ring-billed gull,Night,0,0,0,148.0
DENVER INTL AIRPORT,A-300,None,8/5/00 0:00,FEDEX EXPRESS,Colorado,Climb,Small,Unknown bird - small,Night,0,0,0,320.0
PORTLAND INTL (OR),L-1011,None,9/13/99 0:00,DELTA AIR LINES,Oregon,Approach,Medium,Unknown bird - medium,Night,0,0,0,
LOS ANGELES INTL,B-737-300,Substantial,11/9/98 0:00,UNITED AIRLINES,California,Climb,Small,Rock pigeon,Day,0,89453,89453,130.0
SAN FRANCISCO INTL ARPT,B-767,None,12/8/97 0:00,AMERICAN AIRLINES,California,Landing Roll,Small,Unknown bird - small,Day,0,0,0,130.0
RONALD REAGAN WASHINGTON NATL,B-727,None,9/23/98 0:00,AMERICAN AIRLINES,DC,Climb,Medium,Unknown bird - medium,Day,0,0,0,150.0
MINETA SAN JOSE INTL,BE-95,None,1/26/98 0:00,UNKNOWN,California,Landing Roll,Small,Unknown bird - small,Day,0,0,0,
MINETA SAN JOSE INTL,MD-80,None,5/28/94 0:00,AMERICAN AIRLINES,California,Climb,Small,Unknown bird - small,Day,0,0,0,165.0
DALLAS/FORT WORTH INTL ARPT,MD-82,None,5/29/91 0:00,AMERICAN AIRLINES,Texas,Take-off run,Small,American robin,Day,0,0,0,150.0
EPPLEY AIRFIELD,B-737-700,None,5/20/02 0:00,SOUTHWEST AIRLINES,Nebraska,Climb,Small,Unknown bird - small,Night,0,0,0,200.0
MEMPHIS INTL,DC-10-30,None,9/16/01 0:00,FEDEX EXPRESS,Tennessee,Approach,Large,Unknown bird - large,Day,0,0,0,140.0
NEWARK LIBERTY INTL ARPT,B-737-300,None,10/2/95 0:00,CONTINENTAL AIRLINES,New Jersey,Approach,Medium,Unknown bird - medium,Day,0,0,0,
LOGAN INTL,B-727-200,None,9/14/98 0:00,DELTA AIR LINES,Massachusetts,Take-off run,Small,Unknown bird - small,Day,0,0,0,120.0
CHARLESTON AFB/INTL ARPT,C-141B,None,10/7/91 0:00,MILITARY,South Carolina,Approach,Medium,Unknown bird or bat,Day,0,0,0,130.0
LAGUARDIA NY,BA-31 JETSTR,Minor,10/21/95 0:00,ATLANTIC COAST AIRLINES,New York,Climb,Medium,Unknown bird - medium,Night,0,0,0,160.0
KANSAS CITY INTL,MD-80,None,7/24/91 0:00,AMERICAN AIRLINES,Missouri,Landing Roll,Small,Unknown bird - small,Dusk,0,0,0,100.0
KANSAS CITY INTL,BE-1900,None,10/5/98 0:00,MESA AIRLINES,Missouri,Landing Roll,Small,European starling,Day,0,0,0,
CHARLESTON AFB/INTL ARPT,C-141B,None,8/18/93 0:00,MILITARY,South Carolina,Climb,Medium,Unknown bird or bat,Day,0,0,0,130.0
JOHN F KENNEDY INTL,B-767-200,None,5/7/02 0:00,AMERICAN AIRLINES,New York,Take-off run,Medium,Unknown bird - medium,Day,0,0,0,140.0
ATLANTA INTL,MD-88,None,5/12/92 0:00,DELTA AIR LINES,Georgia,Approach,Small,Unknown bird - small,Night,0,0,0,180.0
INDIANAPOLIS INTL,B-737,None,5/19/97 0:00,UNITED AIRLINES,Indiana,Climb,Small,Killdeer,Day,0,0,0,
HONOLULU INTL ARPT,B-737-200,None,4/2/93 0:00,ALOHA AIRLINES,Hawaii,Landing Roll,Small,Unknown bird - small,Day,0,0,0,90.0
KANSAS CITY INTL,MD-80,None,1/2/00 0:00,TRANS WORLD AIRLINES,Missouri,Approach,Large,Canada goose,Night,0,0,0,140.0
GREATER PITTSBURGH,B-737,None,10/25/92 0:00,US AIRWAYS*,Pennsylvania,Approach,Medium,Unknown bird - medium,Night,0,0,0,115.0
LOGAN INTL,A-320,Minor,3/27/98 0:00,UNITED AIRLINES,Massachusetts,Take-off run,Medium,Unknown bird - medium,Day,0,0,0,110.0
CHICAGO MIDWAY INTL ARPT,B-737-300,Substantial,7/23/00 0:00,SOUTHWEST AIRLINES,Illinois,Take-off run,Small,Unknown bird - small,Day,0,0,0,100.0
JOHN F KENNEDY INTL,B-767-200,None,2/1/99 0:00,AMERICAN AIRLINES,New York,Landing Roll,Medium,Unknown bird - medium,Day,0,0,0,
BALTIMORE WASH INTL,B-737-200,None,1/31/01 0:00,US AIRWAYS*,Maryland,Approach,Small,Unknown bird - small,Dawn,0,0,0,120.0
CHICAGO O'HARE INTL ARPT,CL-RJ100/200,None,6/27/00 0:00,ATLANTIC COAST AIRLINES,Illinois,Climb,Medium,Unknown bird - medium,Day,0,0,0,250.0
MEMPHIS INTL,DC-10,None,10/13/98 0:00,FEDEX EXPRESS,Tennessee,Descent,Small,Unknown bird - small,Night,0,0,0,
GREATER PITTSBURGH,B-737-400,None,5/3/02 0:00,US AIRWAYS*,Pennsylvania,Landing Roll,Medium,Unknown bird - medium,Day,0,0,0,110.0
DALLAS/FORT WORTH INTL ARPT,B-727,None,11/3/91 0:00,AMERICAN AIRLINES,Texas,Approach,Medium,Unknown bird - medium,Day,0,0,0,145.0
SEATTLE-TACOMA INTL,B-737-300,None,11/6/97 0:00,SOUTHWEST AIRLINES,Washington,Approach,Medium,Unknown bird - medium,Day,0,0,0,140.0
DALLAS/FORT WORTH INTL ARPT,MD-80,None,6/22/92 0:00,AMERICAN AIRLINES,Texas,Take-off run,Small,Unknown bird - small,Day,0,0,0,100.0
DALLAS/FORT WORTH INTL ARPT,MD-80,None,11/7/91 0:00,AMERICAN AIRLINES,Texas,Approach,Small,Unknown bird - small,Night,0,0,0,180.0
DETROIT METRO WAYNE COUNTY ARPT,SAAB-340,None,1/8/00 0:00,MESABA AIRLINES,Michigan,Approach,Small,Unknown bird - small,Day,0,0,0,140.0
DETROIT METRO WAYNE COUNTY ARPT,B-757-200,None,7/20/93 0:00,NORTHWEST AIRLINES,Michigan,Climb,Medium,Unknown bird - medium,Day,0,0,0,
DALLAS/FORT WORTH INTL ARPT,B-757-200,None,9/4/96 0:00,DELTA AIR LINES,Texas,Take-off run,Medium,Unknown bird - medium,Dawn,0,0,0,100.0
NASHVILLE INTL,MD-80,Medium,9/7/93 0:00,AMERICAN AIRLINES,Tennessee,Approach,Large,Unknown bird - large,Day,0,0,0,210.0
PHILADELPHIA INTL,B-737-400,Minor,11/12/00 0:00,US AIRWAYS*,Pennsylvania,Approach,Large,Canada goose,Night,0,0,0,230.0
WASHINGTON DULLES INTL ARPT,BA-41 JETSTR,None,8/26/97 0:00,ATLANTIC COAST AIRLINES,DC,Landing Roll,Small,Unknown bird - small,Day,0,0,0,8.0
LIHUE ARPT,B-737-200,None,5/30/96 0:00,ALOHA AIRLINES,Hawaii,Climb,Medium,Unknown bird - medium,Day,0,0,0,120.0
SACRAMENTO INTL,B-757-200,None,6/4/00 0:00,UNITED AIRLINES,California,Take-off run,Medium,Unknown bird - medium,Day,0,0,0,
SALT LAKE CITY INTL,B-737,None,7/23/92 0:00,DELTA AIR LINES,Utah,Climb,Medium,Unknown bird - medium,Night,0,0,0,
WASHINGTON DULLES INTL ARPT,BA-31 JETSTR,None,3/29/96 0:00,ATLANTIC COAST AIRLINES,DC,Take-off run,Medium,Ring-billed gull,Day,0,0,0,90.0
ATLANTA INTL,B-727,None,9/8/00 0:00,DELTA AIR LINES,Georgia,Climb,Medium,Unknown bird - medium,Night,0,0,0,
DALLAS/FORT WORTH INTL ARPT,MD-11,None,8/31/93 0:00,AMERICAN AIRLINES,Texas,Approach,Small,Unknown bird - small,Night,0,0,0,145.0
LAGUARDIA NY,MD-82,None,10/25/93 0:00,AMERICAN AIRLINES,New York,Approach,Medium,Unknown bird - medium,Night,0,0,0,215.0
PORT COLUMBUS INTL,B-737-200,None,3/23/00 0:00,DELTA AIR LINES,Ohio,Approach,Small,Unknown bird - small,Night,0,0,0,140.0
LAMBERT-ST LOUIS INTL,MD-82,None,9/24/01 0:00,TRANS WORLD AIRLINES,Missouri,Approach,Medium,Unknown bird - medium,Night,0,0,0,
SAN FRANCISCO INTL ARPT,B-757-200,None,3/2/94 0:00,NORTHWEST AIRLINES,California,Landing Roll,Medium,Unknown bird - medium,Day,0,0,0,
SACRAMENTO INTL,B-737-300,None,8/1/99 0:00,SOUTHWEST AIRLINES,California,Approach,Small,Unknown bird - small,Night,0,0,0,140.0
CINCINNATI/NORTHERN KENTUCKY INTL ARPT,CL-RJ100/200,None,6/7/02 0:00,COMAIR AIRLINES,Kentucky,Approach,Small,Unknown bird - small,Day,0,0,0,140.0
LOS ANGELES INTL,B-757-200,None,9/12/97 0:00,AMERICAN AIRLINES,California,Climb,Medium,Unknown bird - medium,Day,0,0,0,250.0
LOS ANGELES INTL,B-727,None,10/8/92 0:00,UNITED AIRLINES,California,Landing Roll,Small,Mourning dove,Day,0,0,0,135.0
BALTIMORE WASH INTL,B-737-200,None,9/24/00 0:00,US AIRWAYS*,Maryland,Take-off run,Medium,Unknown bird - medium,Night,0,0,0,150.0
CLEVELAND-HOPKINS INTL ARPT,BE-1900,None,7/12/99 0:00,EXPRESSJET (CONTINENTAL EXPRS),Ohio,Approach,Small,Unknown bird - small,Night,0,0,0,140.0
CHARLESTON AFB/INTL ARPT,C-141,None,8/25/95 0:00,MILITARY,South Carolina,Climb,Medium,Unknown bird or bat,Day,0,0,0,
DALLAS/FORT WORTH INTL ARPT,B-727-200,None,9/22/92 0:00,AMERICAN AIRLINES,Texas,Climb,Small,Unknown bird - small,Day,0,0,0,200.0
PORTLAND INTL (OR),B-737-300,None,9/25/00 0:00,AMERICA WEST AIRLINES,Oregon,Approach,Small,Unknown bird - small,Night,0,0,0,210.0
NEWARK LIBERTY INTL ARPT,B-727,None,9/11/92 0:00,AMERICAN AIRLINES,New Jersey,Approach,Medium,Unknown bird - medium,Night,0,0,0,
SACRAMENTO INTL,B-737-300,None,8/8/98 0:00,SOUTHWEST AIRLINES,California,Approach,Small,Unknown bird - small,Day,0,0,0,145.0
LIHUE ARPT,C-135B,None,2/17/93 0:00,MILITARY,Hawaii,Take-off run,Medium,Unknown bird or bat,Day,0,0,0,130.0
RONALD REAGAN WASHINGTON NATL,CITATION II,Medium,3/8/00 0:00,BUSINESS,DC,Climb,Medium,Unknown bird - medium,Day,124282,26727,151009,170.0
CLEVELAND-HOPKINS INTL ARPT,MD-82,None,6/15/02 0:00,AMERICAN AIRLINES,Ohio,Approach,Small,Unknown bird - small,Night,0,0,0,135.0
LAGUARDIA NY,B-757-200,Substantial,9/11/94 0:00,NORTHWEST AIRLINES,New York,Take-off run,Small,Rock pigeon,Day,0,0,0,100.0
LOS ANGELES INTL,B-757-200,Substantial,10/15/97 0:00,UNITED AIRLINES,California,Take-off run,Small,Rock pigeon,Day,0,0,0,90.0
DALLAS/FORT WORTH INTL ARPT,B-727-200,None,12/18/93 0:00,AMERICAN AIRLINES,Texas,Climb,Medium,Unknown bird - medium,Night,0,0,0,300.0
CINCINNATI/NORTHERN KENTUCKY INTL ARPT,MD-88,Minor,8/29/00 0:00,DELTA AIR LINES,Kentucky,Climb,Large,Unknown bird - large,Dusk,0,0,0,180.0
CHARLESTON AFB/INTL ARPT,C-17A,None,12/4/98 0:00,MILITARY,South Carolina,Approach,Medium,Unknown bird or bat,Day,0,0,0,130.0
SALT LAKE CITY INTL,B-757-200,None,4/5/00 0:00,DELTA AIR LINES,Utah,Approach,Small,Unknown bird - small,Night,0,0,0,
PORTLAND INTL (OR),DHC8 DASH 8,None,7/14/02 0:00,HORIZON AIR,Oregon,Landing Roll,Small,Rock pigeon,Day,0,0,0,
NASHVILLE INTL,MD-88,None,9/7/91 0:00,AMERICAN AIRLINES,Tennessee,Approach,Small,Unknown bird - small,Day,0,0,0,160.0
SAN ANTONIO INTL,B-727-200,None,10/8/92 0:00,AMERICAN AIRLINES,Texas,Descent,Small,Unknown bird - small,Night,0,0,0,280.0
CHICAGO O'HARE INTL ARPT,B-727,None,7/10/92 0:00,AMERICAN AIRLINES,Illinois,Approach,Small,Unknown bird - small,Day,0,0,0,130.0
PHILADELPHIA INTL,FOKKER F100,None,4/13/01 0:00,AMERICAN AIRLINES,Pennsylvania,Climb,Small,Unknown bird - small,Day,0,0,0,250.0
SEATTLE-TACOMA INTL,B-757-200,None,3/30/92 0:00,AMERICAN AIRLINES,Washington,Approach,Small,Unknown bird - small,Day,0,0,0,180.0
CINCINNATI/NORTHERN KENTUCKY INTL ARPT,MD-88,None,8/13/01 0:00,DELTA AIR LINES,Kentucky,Take-off run,Small,Mourning dove,Day,0,0,0,130.0
BARKSDALE AIR FORCE BASE ARPT,KC-10A,None,7/19/93 0:00,MILITARY,Louisiana,Take-off run,Medium,Unknown bird or bat,Day,0,0,0,157.0
MEMPHIS INTL,BA-41 JETSTR,None,11/1/99 0:00,TRANS STATES AIRLINES,Tennessee,Take-off run,Medium,Unknown bird - medium,Night,0,0,0,95.0
CINCINNATI/NORTHERN KENTUCKY INTL ARPT,B-737-200,None,9/17/99 0:00,DELTA AIR LINES,Kentucky,Take-off run,Small,Unknown bird - small,Dusk,0,0,0,125.0
DALLAS/FORT WORTH INTL ARPT,MD-80,None,3/18/94 0:00,AMERICAN AIRLINES,Texas,Approach,Small,Unknown bird - small,Day,0,0,0,145.0
RONALD REAGAN WASHINGTON NATL,B-727,None,7/7/93 0:00,DELTA AIR LINES,DC,Approach,Small,European starling,Day,0,0,0,135.0
MEMPHIS INTL,EMB-135,None,9/1/01 0:00,AMERICAN EAGLE AIRLINES,Tennessee,Take-off run,Small,Unknown bird - small,Day,0,0,0,130.0
DALLAS/FORT WORTH INTL ARPT,B-727-200,None,10/2/96 0:00,DELTA AIR LINES,Texas,Climb,Large,Unknown bird - large,Day,0,0,0,210.0
CINCINNATI/NORTHERN KENTUCKY INTL ARPT,B-737,None,8/13/01 0:00,DELTA AIR LINES,Kentucky,Approach,Small,Unknown bird - small,Day,0,0,0,210.0
WASHINGTON DULLES INTL ARPT,B-757-200,None,5/14/93 0:00,AMERICAN AIRLINES,DC,Approach,Small,Unknown bird - small,Night,0,0,0,160.0
DALLAS/FORT WORTH INTL ARPT,B-757-200,None,6/2/00 0:00,AMERICAN AIRLINES,Texas,Approach,Small,Unknown bird - small,Day,0,0,0,135.0
LOS ANGELES INTL,MD-82,None,9/5/98 0:00,AMERICAN AIRLINES,California,Take-off run,Small,Rock pigeon,Day,0,0,0,90.0
DALLAS/FORT WORTH INTL ARPT,MD-82,None,6/5/99 0:00,AMERICAN AIRLINES,Texas,Take-off run,Small,Unknown bird - small,Day,0,0,0,
MEMPHIS INTL,C-141B,None,3/21/96 0:00,MILITARY,Tennessee,Take-off run,Medium,Unknown bird or bat,Dusk,0,0,0,15.0
DALLAS/FORT WORTH INTL ARPT,EMB-120,None,10/2/93 0:00,ATLANTIC SOUTHEAST,Texas,Approach,Medium,Unknown bird - medium,Day,0,0,0,
SACRAMENTO INTL,MERLIN III,None,8/12/96 0:00,SKYWEST AIRLINES,California,Take-off run,Small,Unknown bird - small,Day,0,0,0,
JOHN F KENNEDY INTL,SAAB-340,None,9/20/96 0:00,AMERICAN EAGLE AIRLINES,New York,Take-off run,Small,American kestrel,Day,0,0,0,
SALT LAKE CITY INTL,B-727-200,Minor,9/22/96 0:00,DELTA AIR LINES,Utah,Climb,Large,Unknown bird - large,Night,0,0,0,250.0
SEATTLE-TACOMA INTL,B-727,None,10/2/99 0:00,DELTA AIR LINES,Washington,Approach,Small,Unknown bird - small,Day,0,0,0,
PHILADELPHIA INTL,MD-82,Minor,3/25/01 0:00,AMERICAN AIRLINES,Pennsylvania,Approach,Medium,Unknown bird - medium,Night,0,0,0,129.0
LAMBERT-ST LOUIS INTL,MD-80,None,8/10/00 0:00,TRANS WORLD AIRLINES,Missouri,Climb,Small,Unknown bird - small,Day,0,0,0,180.0
PHOENIX SKY HARBOR,B-737-200,None,4/10/02 0:00,AMERICA WEST AIRLINES,Arizona,Approach,Medium,Unknown bird - medium,Night,0,0,0,120.0
MINETA SAN JOSE INTL,B-737-300,None,4/11/97 0:00,SOUTHWEST AIRLINES,California,Take-off run,Small,Western meadowlark,Dawn,0,0,0,140.0
DALLAS/FORT WORTH INTL ARPT,B-757-200,None,8/9/99 0:00,AMERICAN AIRLINES,Texas,Climb,Medium,Unknown bird - medium,Night,137,0,137,160.0
DALLAS/FORT WORTH INTL ARPT,MD-80,None,10/27/96 0:00,AMERICAN AIRLINES,Texas,Approach,Small,Unknown bird - small,Night,0,0,0,190.0
SALT LAKE CITY INTL,B-737,None,6/14/92 0:00,DELTA AIR LINES,Utah,Landing Roll,Medium,Unknown bird - medium,Day,0,0,0,
BARKSDALE AIR FORCE BASE ARPT,KC-135,None,9/3/93 0:00,MILITARY,Louisiana,Take-off run,Medium,Unknown bird or bat,Day,0,0,0,120.0
SALT LAKE CITY INTL,B-727-200,None,4/3/99 0:00,DELTA AIR LINES,Utah,Approach,Medium,Mallard,Day,0,0,0,
SALT LAKE CITY INTL,B-727,None,6/24/02 0:00,DELTA AIR LINES,Utah,Landing Roll,Medium,Unknown bird - medium,Day,0,0,0,
WASHINGTON DULLES INTL ARPT,BA-41 JETSTR,None,10/26/98 0:00,ATLANTIC COAST AIRLINES,DC,Approach,Medium,Unknown bird - medium,Night,0,0,0,180.0
DALLAS/FORT WORTH INTL ARPT,FOKKER F100,None,2/21/97 0:00,AMERICAN AIRLINES,Texas,Approach,Small,Unknown bird - small,Day,0,0,0,140.0
GEORGE BUSH INTERCONTINENTAL,ATR-42,None,5/18/93 0:00,EXPRESSJET (CONTINENTAL EXPRS),Texas,Approach,Medium,Unknown bird - medium,Day,0,0,0,
CHICAGO O'HARE INTL ARPT,FOKKER F100,None,5/25/93 0:00,AMERICAN AIRLINES,Illinois,Landing Roll,Small,Meadowlarks,Day,0,0,0,120.0
SAN ANTONIO INTL,MD-80,None,7/20/91 0:00,AMERICAN AIRLINES,Texas,Approach,Small,Unknown bird - small,Night,0,0,0,140.0
GEORGE BUSH INTERCONTINENTAL,EMB UNKN,None,4/28/93 0:00,EXPRESSJET (CONTINENTAL EXPRS),Texas,Approach,Small,Unknown bird - small,Dusk,0,0,0,210.0
MEMPHIS INTL,C-141B,None,6/30/93 0:00,MILITARY,Tennessee,Approach,Small,Mourning dove,Dusk,0,3696,3696,
LOUISVILLE INTL ARPT,B-767-300,None,10/23/98 0:00,UPS AIRLINES,Kentucky,Approach,Medium,Unknown bird - medium,Night,0,0,0,220.0
CHARLOTTE/DOUGLAS INTL ARPT,B-737-400,None,8/4/98 0:00,US AIRWAYS*,North Carolina,Approach,Small,Killdeer,Night,0,0,0,141.0
DENVER INTL AIRPORT,B-737,None,7/6/98 0:00,UNITED AIRLINES,Colorado,Approach,Small,Unknown bird - small,Day,0,0,0,
CINCINNATI/NORTHERN KENTUCKY INTL ARPT,B-757-200,None,5/28/02 0:00,DELTA AIR LINES,Kentucky,Climb,Medium,Unknown bird - medium,Day,0,0,0,167.0
PHILADELPHIA INTL,B-737-200,None,12/21/98 0:00,US AIRWAYS*,Pennsylvania,Climb,Small,Unknown bird - small,Day,0,0,0,150.0
HONOLULU INTL ARPT,B-737-200,None,10/22/97 0:00,ALOHA AIRLINES,Hawaii,Approach,Small,Unknown bird - small,Day,0,0,0,140.0
DALLAS/FORT WORTH INTL ARPT,B-727-200,None,9/9/94 0:00,AMERICAN AIRLINES,Texas,Approach,Small,Unknown bird - small,Day,0,0,0,180.0
WASHINGTON DULLES INTL ARPT,B-737-200,None,4/26/94 0:00,UNITED AIRLINES,DC,Approach,Medium,Unknown bird - medium,Night,0,0,0,130.0
PORTLAND INTL (OR),B-737-300,Minor,10/12/97 0:00,SOUTHWEST AIRLINES,Oregon,Descent,Large,Unknown bird - large,Night,0,0,0,220.0
MINNEAPOLIS-ST PAUL INTL,C-130E,None,5/21/99 0:00,MILITARY,Minnesota,Approach,Medium,Unknown bird - medium,Day,0,0,0,115.0
SALT LAKE CITY INTL,B-767,None,3/27/02 0:00,DELTA AIR LINES,Utah,Approach,Medium,Unknown bird - medium,Night,0,0,0,
GREATER PITTSBURGH,FOKKER F28 MK 4000,None,9/17/96 0:00,US AIRWAYS*,Pennsylvania,Approach,Small,Unknown bird - small,Night,0,0,0,190.0
CHICAGO O'HARE INTL ARPT,B-737-200,Minor,9/1/98 0:00,UNITED AIRLINES,Illinois,Climb,Small,Mourning dove,Day,0,0,0,
GEORGE BUSH INTERCONTINENTAL,ATR-42,None,9/12/90 0:00,EXPRESSJET (CONTINENTAL EXPRS),Texas,Approach,Small,Unknown bird - small,Dawn,0,0,0,125.0
LOUISVILLE INTL ARPT,DC-8,None,5/22/93 0:00,UPS AIRLINES,Kentucky,Approach,Small,Unknown bird - small,Day,0,0,0,145.0
DALLAS/FORT WORTH INTL ARPT,MD-11,None,5/22/94 0:00,AMERICAN AIRLINES,Texas,Approach,Medium,Unknown bird - medium,Day,0,0,0,180.0
LIHUE ARPT,B-737-200,None,3/2/02 0:00,ALOHA AIRLINES,Hawaii,Climb,Small,Barn owl,Night,0,0,0,
INDIANAPOLIS INTL,B-737,None,8/18/92 0:00,SOUTHWEST AIRLINES,Indiana,Climb,Small,Unknown bird - small,Day,0,0,0,150.0
AUSTIN-BERGSTROM INTL,MD-80,None,5/11/93 0:00,AMERICAN AIRLINES,Texas,Approach,Small,Rock pigeon,Day,0,0,0,130.0
KANSAS CITY INTL,B-737-500,Substantial,3/31/96 0:00,CONTINENTAL AIRLINES,Missouri,Take-off run,Large,Unknown bird - large,Day,0,0,0,128.0
BARKSDALE AIR FORCE BASE ARPT,KC-10A,None,9/19/91 0:00,MILITARY,Louisiana,Take-off run,Medium,Unknown bird or bat,Day,0,0,0,125.0
NEWARK LIBERTY INTL ARPT,B-727,None,10/26/95 0:00,FEDEX EXPRESS,New Jersey,Approach,Small,Unknown bird - small,Night,0,0,0,200.0
MINNEAPOLIS-ST PAUL INTL,A-320,None,8/10/94 0:00,NORTHWEST AIRLINES,Minnesota,Take-off run,Small,Unknown bird - small,Day,0,0,0,140.0
PORT COLUMBUS INTL,EMB-120,None,8/13/98 0:00,EXPRESSJET (CONTINENTAL EXPRS),Ohio,Take-off run,Small,Unknown bird - small,Day,0,0,0,110.0
LOS ANGELES INTL,B-777-200,None,5/23/00 0:00,UNITED AIRLINES,California,Climb,Small,American kestrel,Day,0,0,0,
WASHINGTON DULLES INTL ARPT,BA-31 JETSTR,None,7/8/98 0:00,ATLANTIC COAST AIRLINES,DC,Take-off run,Small,Unknown bird - small,Day,0,0,0,100.0
ORLANDO INTL,CL-RJ100/200,None,10/2/97 0:00,COMAIR AIRLINES,Florida,Approach,Small,Unknown bird - small,Night,0,0,0,140.0
MEMPHIS INTL,DC-10,None,3/9/93 0:00,FEDEX EXPRESS,Tennessee,Approach,Medium,Unknown bird - medium,Night,0,0,0,120.0
HOUSTON-HOBBY,B-737-300,None,7/22/94 0:00,SOUTHWEST AIRLINES,Texas,Landing Roll,Small,Unknown bird - small,Dusk,0,0,0,135.0
DALLAS/FORT WORTH INTL ARPT,MD-80,None,9/18/90 0:00,AMERICAN AIRLINES,Texas,Approach,Small,Unknown bird - small,Day,0,0,0,170.0
GREATER PITTSBURGH,SAAB-340,None,1/10/01 0:00,CHAUTAUQUA AIRLINES,Pennsylvania,Approach,Small,Unknown bird - small,Night,0,0,0,130.0
CHARLOTTE/DOUGLAS INTL ARPT,DC-9-30,None,10/18/99 0:00,US AIRWAYS*,North Carolina,Approach,Small,Unknown bird - small,Dusk,0,0,0,135.0
CHICAGO O'HARE INTL ARPT,B-737-200,None,9/9/01 0:00,UNITED AIRLINES,Illinois,Approach,Medium,Unknown bird - medium,Night,0,0,0,
DALLAS/FORT WORTH INTL ARPT,DC-10,None,5/27/93 0:00,AMERICAN AIRLINES,Texas,Take-off run,Medium,Unknown bird - medium,Day,0,0,0,
SALT LAKE CITY INTL,B-727,None,8/22/98 0:00,ASTAR AIR CARGO,Utah,Climb,Medium,Unknown bird - medium,Day,0,0,0,
JOHN F KENNEDY INTL,A-300,Minor,6/7/98 0:00,AMERICAN AIRLINES,New York,Take-off run,Small,Unknown bird - small,Day,0,0,0,150.0
GREATER PITTSBURGH,DHC8 DASH 8,None,10/10/99 0:00,PIEDMONT AIRLINES,Pennsylvania,Approach,Medium,Unknown bird - medium,Day,0,0,0,100.0
ORLANDO INTL,B-737,None,2/5/97 0:00,DELTA AIR LINES,Florida,Approach,Small,Unknown bird - small,Night,0,0,0,140.0
LOS ANGELES INTL,B-767-200,Medium,11/2/99 0:00,TRANS WORLD AIRLINES,California,Approach,Medium,Unknown bird - medium,Night,0,0,0,
PORT COLUMBUS INTL,DC-9,None,5/2/96 0:00,NORTHWEST AIRLINES,Ohio,Approach,Large,Unknown bird - large,Night,0,0,0,
AUSTIN-BERGSTROM INTL,B-737-300,None,9/6/97 0:00,SOUTHWEST AIRLINES,Texas,Approach,Small,Unknown bird - small,Night,0,0,0,180.0
DALLAS/FORT WORTH INTL ARPT,MD-80,None,8/12/00 0:00,AMERICAN AIRLINES,Texas,Landing Roll,Small,Mourning dove,Day,0,0,0,
ORLANDO INTL,B-737-400,None,10/1/92 0:00,US AIRWAYS*,Florida,Approach,Small,Unknown bird - small,Night,0,0,0,143.0
BARKSDALE AIR FORCE BASE ARPT,B-52G,None,9/18/91 0:00,MILITARY,Louisiana,Approach,Medium,Unknown bird or bat,Night,0,0,0,160.0
PHOENIX SKY HARBOR,B-737-300,None,5/12/91 0:00,SOUTHWEST AIRLINES,Arizona,Approach,Medium,Unknown bird - medium,Night,0,0,0,200.0
RONALD REAGAN WASHINGTON NATL,MD-82,None,10/2/92 0:00,AMERICAN AIRLINES,DC,Approach,Medium,Unknown bird - medium,Day,0,0,0,130.0
PHILADELPHIA INTL,B-727-200,None,10/11/00 0:00,DELTA AIR LINES,Pennsylvania,Approach,Small,Unknown bird - small,Night,0,0,0,180.0
LOUISVILLE INTL ARPT,B-767-300,None,7/9/97 0:00,UPS AIRLINES,Kentucky,Approach,Medium,Unknown bird - medium,Night,0,0,0,
PHILADELPHIA INTL,B-737-300,None,10/24/96 0:00,US AIRWAYS*,Pennsylvania,Approach,Medium,Unknown bird - medium,Night,0,0,0,230.0
CHARLESTON AFB/INTL ARPT,C-21A,None,7/7/01 0:00,MILITARY,South Carolina,Take-off run,Medium,Unknown bird or bat,Day,0,0,0,100.0
CHARLESTON AFB/INTL ARPT,MD-80,None,7/6/90 0:00,AMERICAN AIRLINES,South Carolina,Take-off run,Medium,Unknown bird - medium,Day,0,0,0,100.0
GEORGE BUSH INTERCONTINENTAL,B-727,Substantial,5/24/00 0:00,DELTA AIR LINES,Texas,Descent,Medium,Unknown bird - medium,Day,0,0,0,
ATLANTIC CITY INTL,LOCKHEED 1329,None,10/12/96 0:00,BUSINESS,New Jersey,Approach,Large,Unknown bird - large,Night,0,0,0,200.0
NEW ORLEANS INTL,B-737-300,None,11/7/95 0:00,US AIRWAYS*,Louisiana,Landing Roll,Medium,Unknown bird - medium,Night,0,0,0,135.0
DALLAS/FORT WORTH INTL ARPT,B-757-200,None,3/31/00 0:00,AMERICAN AIRLINES,Texas,Approach,Small,European starling,Day,0,0,0,130.0
LOUISVILLE INTL ARPT,EMB-145,None,6/24/01 0:00,EXPRESSJET (CONTINENTAL EXPRS),Kentucky,Take-off run,Small,Killdeer,Day,0,0,0,130.0
LAMBERT-ST LOUIS INTL,B-727-200,None,3/13/95 0:00,TRANS WORLD AIRLINES,Missouri,Climb,Large,Unknown bird - large,Night,0,0,0,250.0
MINNEAPOLIS-ST PAUL INTL,DC-9-50,None,3/11/93 0:00,UNKNOWN,Minnesota,Approach,Large,Unknown bird - large,Dusk,0,0,0,140.0
NASHVILLE INTL,B-727-200,None,7/13/91 0:00,AMERICAN AIRLINES,Tennessee,Take-off run,Small,Unknown bird - small,Day,0,0,0,137.0
NEWARK LIBERTY INTL ARPT,DC-10,None,5/7/02 0:00,FEDEX EXPRESS,New Jersey,Approach,Medium,Unknown bird - medium,Night,0,0,0,
NASHVILLE INTL,B-727-200,None,9/17/90 0:00,AMERICAN AIRLINES,Tennessee,Approach,Medium,Unknown bird - medium,Night,0,0,0,230.0
LOUISVILLE INTL ARPT,B-757-200,None,6/6/02 0:00,UPS AIRLINES,Kentucky,Climb,Small,Unknown bird - small,Night,0,0,0,150.0
AUSTIN-BERGSTROM INTL,FOKKER F100,None,10/19/99 0:00,AMERICAN AIRLINES,Texas,Climb,Small,Unknown bird - small,Dawn,0,0,0,130.0
PORT COLUMBUS INTL,A-320,None,1/31/00 0:00,NORTHWEST AIRLINES,Ohio,Approach,Small,Unknown bird - small,Dusk,0,0,0,
BALTIMORE WASH INTL,B-737-200,None,4/28/01 0:00,US AIRWAYS*,Maryland,Approach,Small,Unknown bird - small,Day,0,0,0,
EPPLEY AIRFIELD,B-737-300,None,5/14/02 0:00,SOUTHWEST AIRLINES,Nebraska,Approach,Small,Unknown bird - small,Night,0,0,0,190.0
DALLAS/FORT WORTH INTL ARPT,MD-11,None,12/8/93 0:00,AMERICAN AIRLINES,Texas,Landing Roll,Small,Unknown bird - small,Day,0,0,0,120.0
SALT LAKE CITY INTL,B-727,None,5/9/92 0:00,TRANS WORLD AIRLINES,Utah,Take-off run,Small,Unknown bird - small,Day,0,0,0,150.0
CHICAGO O'HARE INTL ARPT,FOKKER F100,None,6/27/93 0:00,AMERICAN AIRLINES,Illinois,Approach,Small,Unknown bird - small,Dusk,0,0,0,130.0
MEMPHIS INTL,DC-9,None,9/8/98 0:00,UNKNOWN,Tennessee,Landing Roll,Small,Unknown bird - small,Day,0,0,0,100.0
GREATER PITTSBURGH,DC-9,None,5/28/92 0:00,US AIRWAYS*,Pennsylvania,Landing Roll,Small,American robin,Day,0,0,0,120.0
LOUISVILLE INTL ARPT,B-737-300,None,6/9/93 0:00,SOUTHWEST AIRLINES,Kentucky,Landing Roll,Medium,Unknown bird - medium,Night,0,0,0,100.0
SACRAMENTO INTL,T-38A,None,7/23/96 0:00,MILITARY,California,Climb,Medium,Unknown bird - medium,Day,0,0,0,
CHICAGO O'HARE INTL ARPT,B-727-200,None,8/20/94 0:00,AMERICAN AIRLINES,Illinois,Approach,Small,Unknown bird - small,Day,0,0,0,170.0
BARKSDALE AIR FORCE BASE ARPT,KC-10A,None,8/20/93 0:00,MILITARY,Louisiana,Take-off run,Medium,Unknown bird or bat,Night,0,0,0,129.0
LIHUE ARPT,DC-9,None,1/13/97 0:00,HAWAIIAN AIR,Hawaii,Landing Roll,Small,Barn owl,Day,0,0,0,
DALLAS/FORT WORTH INTL ARPT,FOKKER F100,None,7/23/01 0:00,AMERICAN AIRLINES,Texas,Approach,Small,Rock pigeon,Day,0,0,0,135.0
FORT LAUDERDALE/HOLLYWOOD INTL,A-320,None,9/8/00 0:00,NORTHWEST AIRLINES,Florida,Landing Roll,Small,Unknown bird - small,Day,0,0,0,100.0
MEMPHIS INTL,A-310,Substantial,10/18/96 0:00,FEDEX EXPRESS,Tennessee,Climb,Large,Canada goose,Night,0,0,0,165.0
CLEVELAND-HOPKINS INTL ARPT,MD-80,None,8/11/94 0:00,CONTINENTAL AIRLINES,Ohio,Landing Roll,Small,European starling,Dusk,0,0,0,135.0
BARKSDALE AIR FORCE BASE ARPT,KC-10A,None,6/22/90 0:00,MILITARY,Louisiana,Approach,Medium,Unknown bird or bat,Day,0,0,0,150.0
PORTLAND INTL (OR),DC-8-62,None,5/6/99 0:00,ABX AIR,Oregon,Approach,Medium,Unknown bird - medium,Night,0,0,0,
HONOLULU INTL ARPT,L-1011,Minor,11/23/95 0:00,DELTA AIR LINES,Hawaii,Approach,Small,Unknown bird - small,Day,0,0,0,150.0
MINETA SAN JOSE INTL,A-320,None,10/31/00 0:00,NORTHWEST AIRLINES,California,Approach,Medium,Unknown bird - medium,Night,0,0,0,140.0
SACRAMENTO INTL,B-737-300,Minor,2/21/95 0:00,SOUTHWEST AIRLINES,California,Descent,Large,Unknown bird - large,Night,0,0,0,210.0
EPPLEY AIRFIELD,MD-80,None,4/22/91 0:00,AMERICAN AIRLINES,Nebraska,Approach,Small,Unknown bird - small,Night,0,0,0,140.0
AUSTIN-BERGSTROM INTL,MD-80,None,6/8/99 0:00,AMERICAN AIRLINES,Texas,Approach,Small,Unknown bird - small,Night,0,0,0,180.0
WASHINGTON DULLES INTL ARPT,MD-80,None,10/5/97 0:00,AMERICAN AIRLINES,DC,Approach,Medium,Unknown bird - medium,Day,0,0,0,
CHICAGO O'HARE INTL ARPT,B-757-200,None,4/2/97 0:00,UNITED AIRLINES,Illinois,Approach,Medium,Ring-billed gull,Day,0,0,0,160.0
BARKSDALE AIR FORCE BASE ARPT,KC-10A,None,11/15/93 0:00,MILITARY,Louisiana,Approach,Medium,Unknown bird or bat,Night,0,0,0,135.0
CINCINNATI/NORTHERN KENTUCKY INTL ARPT,B-727-200,None,7/30/00 0:00,DELTA AIR LINES,Kentucky,Approach,Small,Unknown bird - small,Day,0,0,0,140.0
DETROIT METRO WAYNE COUNTY ARPT,DC-9,None,8/31/90 0:00,NORTHWEST AIRLINES,Michigan,Approach,Medium,Unknown bird - medium,Dusk,0,0,0,
PHOENIX SKY HARBOR,A-320,None,6/17/97 0:00,AIR CANADA,Arizona,Approach,Medium,Unknown bird - medium,Day,0,0,0,
JOHN F KENNEDY INTL,A-300,Substantial,1/19/91 0:00,AMERICAN AIRLINES,New York,Take-off run,Medium,Herring gull,Day,0,0,0,110.0
NEW ORLEANS INTL,B-727,None,11/29/94 0:00,AMERICAN AIRLINES,Louisiana,Take-off run,Small,Unknown bird - small,Day,0,0,0,130.0
LAGUARDIA NY,B-737-300,None,9/16/95 0:00,US AIRWAYS*,New York,Landing Roll,Medium,Herring gull,Day,0,0,0,127.0
HONOLULU INTL ARPT,DC-9,None,2/27/97 0:00,HAWAIIAN AIR,Hawaii,Climb,Small,Unknown bird - small,Day,0,0,0,140.0
DALLAS/FORT WORTH INTL ARPT,MD-82,None,10/13/97 0:00,AMERICAN AIRLINES,Texas,Approach,Small,Unknown bird - small,Day,0,0,0,180.0
NEW ORLEANS INTL,B-737,None,4/4/02 0:00,SOUTHWEST AIRLINES,Louisiana,Approach,Medium,Unknown bird - medium,Night,0,0,0,
BARKSDALE AIR FORCE BASE ARPT,B-52H,None,8/27/97 0:00,MILITARY,Louisiana,Take-off run,Medium,Unknown bird or bat,Day,0,0,0,120.0
NEW ORLEANS INTL,B-737-300,None,11/7/94 0:00,SOUTHWEST AIRLINES,Louisiana,Approach,Small,Unknown bird - small,Night,0,0,0,160.0
SALT LAKE CITY INTL,B-737-300,None,2/12/01 0:00,SOUTHWEST AIRLINES,Utah,Landing Roll,Small,Unknown bird - small,Day,0,0,0,
SACRAMENTO INTL,MD-80,None,8/22/93 0:00,AMERICAN AIRLINES,California,Take-off run,Small,Unknown bird - small,Day,0,0,0,90.0
CHARLESTON AFB/INTL ARPT,C-17A,None,8/11/99 0:00,MILITARY,South Carolina,Take-off run,Medium,Unknown bird or bat,Night,0,0,0,
CHARLOTTE/DOUGLAS INTL ARPT,B-737-200,Substantial,9/1/90 0:00,US AIRWAYS*,North Carolina,Take-off run,Medium,Unknown bird - medium,Dusk,0,0,0,130.0
EPPLEY AIRFIELD,B-727,None,10/8/98 0:00,TRANS WORLD AIRLINES,Nebraska,Climb,Small,European starling,Day,0,0,0,150.0
HOUSTON-HOBBY,B-727-200,None,5/10/91 0:00,AMERICAN AIRLINES,Texas,Approach,Small,European starling,Day,0,0,0,145.0
LAMBERT-ST LOUIS INTL,FOKKER F28 MK 1000,None,11/25/91 0:00,US AIRWAYS*,Missouri,Climb,Small,Unknown bird - small,Dawn,0,0,0,165.0
CHARLOTTE/DOUGLAS INTL ARPT,MD-80,None,4/25/95 0:00,US AIRWAYS*,North Carolina,Approach,Small,Unknown bird - small,Day,0,0,0,140.0
NEW ORLEANS INTL,B-737-300,None,4/18/96 0:00,UNITED AIRLINES,Louisiana,Take-off run,Medium,Unknown bird - medium,Dawn,0,0,0,
CINCINNATI/NORTHERN KENTUCKY INTL ARPT,B-757-200,None,1/6/02 0:00,DELTA AIR LINES,Kentucky,Approach,Small,European starling,Dawn,0,0,0,130.0
DALLAS/FORT WORTH INTL ARPT,SAAB-340,None,11/19/01 0:00,AMERICAN EAGLE AIRLINES,Texas,Landing Roll,Small,Unknown bird - small,Day,0,0,0,115.0
MEMPHIS INTL,DC-9-30,None,9/17/99 0:00,ABX AIR,Tennessee,Approach,Medium,Unknown bird - medium,Night,0,0,0,
BALTIMORE WASH INTL,B-737-400,None,8/7/91 0:00,US AIRWAYS*,Maryland,Climb,Small,Unknown bird - small,Day,0,0,0,
CHICAGO O'HARE INTL ARPT,B-757-200,None,6/12/00 0:00,AMERICAN AIRLINES,Illinois,Approach,Small,Unknown bird - small,Day,0,0,0,140.0
CHARLOTTE/DOUGLAS INTL ARPT,DC-9-30,None,11/14/94 0:00,US AIRWAYS*,North Carolina,Approach,Small,Unknown bird - small,Night,0,0,0,180.0
PORTLAND INTL (OR),A-320,None,9/10/01 0:00,NORTHWEST AIRLINES,Oregon,Approach,Small,Unknown bird - small,Night,0,0,0,145.0
INDIANAPOLIS INTL,DC-10,None,5/1/01 0:00,FEDEX EXPRESS,Indiana,Approach,Small,Unknown bird - small,Night,0,0,0,180.0
SAN ANTONIO INTL,B-727,None,5/4/95 0:00,UPS AIRLINES,Texas,Approach,Medium,Unknown bird - medium,Night,0,0,0,220.0
LIHUE ARPT,DC-9-50,None,1/13/01 0:00,HAWAIIAN AIR,Hawaii,Landing Roll,Small,Unknown bird - small,Day,0,0,0,110.0
SAN ANTONIO INTL,B-727-200,None,10/15/99 0:00,DELTA AIR LINES,Texas,Approach,Medium,Unknown bird - medium,Night,0,0,0,140.0
WASHINGTON DULLES INTL ARPT,CL-RJ100/200,None,1/28/99 0:00,ATLANTIC COAST AIRLINES,DC,Approach,Small,Unknown bird - small,Night,0,0,0,133.0
ORLANDO INTL,MD-80,None,10/6/96 0:00,CONTINENTAL AIRLINES,Florida,Take-off run,Medium,Unknown bird - medium,Day,0,0,0,
DALLAS/FORT WORTH INTL ARPT,MD-82,None,10/29/91 0:00,AMERICAN AIRLINES,Texas,Climb,Medium,Unknown bird - medium,Night,0,0,0,180.0
CHICAGO O'HARE INTL ARPT,B-767-200,None,9/8/92 0:00,AMERICAN AIRLINES,Illinois,Climb,Medium,Unknown bird - medium,Night,0,0,0,250.0
LAMBERT-ST LOUIS INTL,DA-50 FALCON,None,6/14/02 0:00,BUSINESS,Missouri,Landing Roll,Large,Coyote,Day,0,0,0,
PORTLAND INTL (OR),DORNIER 328,Minor,11/25/95 0:00,HORIZON AIR,Oregon,Take-off run,Medium,Unknown bird - medium,Day,0,0,0,
GREATER PITTSBURGH,B-737-200,Medium,12/12/93 0:00,US AIRWAYS*,Pennsylvania,Climb,Medium,Unknown bird - medium,Night,0,0,0,190.0
INDIANAPOLIS INTL,BE-300 KING,None,5/24/00 0:00,BUSINESS,Indiana,Approach,Small,Unknown bird - small,Day,0,0,0,
DALLAS/FORT WORTH INTL ARPT,SAAB-340,None,4/23/01 0:00,AMERICAN EAGLE AIRLINES,Texas,Take-off run,Medium,Unknown bird - medium,Day,0,0,0,
DALLAS/FORT WORTH INTL ARPT,MD-80,None,5/7/94 0:00,AMERICAN AIRLINES,Texas,Landing Roll,Small,Unknown bird - small,Day,0,0,0,
NASHVILLE INTL,B-737-700,None,10/8/00 0:00,SOUTHWEST AIRLINES,Tennessee,Climb,Medium,Unknown bird - medium,Day,0,0,0,150.0
PHILADELPHIA INTL,DC-8-70,None,3/29/97 0:00,UPS AIRLINES,Pennsylvania,Descent,Medium,Unknown bird - medium,Night,0,0,0,215.0
WASHINGTON DULLES INTL ARPT,MD-80,None,5/9/91 0:00,AMERICAN AIRLINES,DC,Climb,Small,Unknown bird - small,Day,0,0,0,160.0
ORLANDO INTL,MD-82,None,12/22/92 0:00,AMERICAN AIRLINES,Florida,Approach,Small,Unknown bird - small,Day,0,0,0,135.0
HONOLULU INTL ARPT,EC-135,None,1/28/92 0:00,MILITARY,Hawaii,Landing Roll,Medium,Unknown bird or bat,Day,0,0,0,140.0
ORLANDO INTL,MD-80,None,2/25/96 0:00,CONTINENTAL AIRLINES,Florida,Approach,Large,Unknown bird - large,Day,0,0,0,160.0
SEATTLE-TACOMA INTL,B-737-400,None,8/27/99 0:00,ALASKA AIRLINES,Washington,Approach,Small,Unknown bird - small,Dusk,0,0,0,
HOUSTON-HOBBY,B-737-200,None,11/4/01 0:00,SOUTHWEST AIRLINES,Texas,Descent,Small,Unknown bird - small,Night,0,0,0,250.0
LAMBERT-ST LOUIS INTL,B-727,None,11/21/94 0:00,TRANS WORLD AIRLINES,Missouri,Approach,Small,Unknown bird - small,Night,0,0,0,130.0
JOHN F KENNEDY INTL,MD-83,None,11/10/98 0:00,TRANS WORLD AIRLINES,New York,Take-off run,Small,Unknown bird - small,Dusk,0,0,0,140.0
BARKSDALE AIR FORCE BASE ARPT,KC-135,None,8/27/92 0:00,MILITARY,Louisiana,Approach,Medium,Unknown bird or bat,Night,0,0,0,180.0
MEMPHIS INTL,A-320,None,12/19/95 0:00,NORTHWEST AIRLINES,Tennessee,Take-off run,Small,Unknown bird - small,Day,0,0,0,
MEMPHIS INTL,SAAB-340,None,9/23/98 0:00,BUSINESS,Tennessee,Approach,Small,Unknown bird - small,Day,0,0,0,120.0
KANSAS CITY INTL,A-300,None,10/5/01 0:00,FEDEX EXPRESS,Missouri,Approach,Small,Unknown bird - small,Dawn,0,0,0,165.0
NEW ORLEANS INTL,MD-80,None,6/2/00 0:00,TRANS WORLD AIRLINES,Louisiana,Landing Roll,Small,Unknown bird - small,Day,0,0,0,124.0
DALLAS/FORT WORTH INTL ARPT,B-727,None,11/21/96 0:00,DELTA AIR LINES,Texas,Climb,Medium,Unknown bird - medium,Day,0,0,0,
EPPLEY AIRFIELD,LEARJET-35,None,11/1/01 0:00,BUSINESS,Nebraska,Climb,Small,Unknown bird - small,Day,0,0,0,180.0
HONOLULU INTL ARPT,DC-9-50,None,4/2/95 0:00,HAWAIIAN AIR,Hawaii,Take-off run,Small,Pacific golden-plover,Day,0,0,0,120.0
GEORGE BUSH INTERCONTINENTAL,EMB-120,None,9/21/99 0:00,EXPRESSJET (CONTINENTAL EXPRS),Texas,Climb,Medium,Unknown bird - medium,Night,0,0,0,
SEATTLE-TACOMA INTL,MD-80,None,5/29/96 0:00,ALASKA AIRLINES,Washington,Approach,Medium,Unknown bird - medium,Day,0,0,0,
JOHN F KENNEDY INTL,MD-80,None,11/14/91 0:00,BUSINESS,New York,Approach,Medium,Unknown bird - medium,Night,0,0,0,
WASHINGTON DULLES INTL ARPT,CL-RJ100/200,None,5/29/98 0:00,UNKNOWN,DC,Landing Roll,Small,European starling,Day,0,0,0,120.0
GEORGE BUSH INTERCONTINENTAL,EMB-120,None,2/12/93 0:00,EXPRESSJET (CONTINENTAL EXPRS),Texas,Approach,Small,Unknown bird - small,Day,0,0,0,115.0
HOUSTON-HOBBY,B-737-200,None,6/14/94 0:00,SOUTHWEST AIRLINES,Texas,Approach,Small,Unknown bird - small,Day,0,0,0,220.0
SAN ANTONIO INTL,B-737-200,None,5/3/90 0:00,SOUTHWEST AIRLINES,Texas,Descent,Small,Unknown bird - small,Night,0,0,0,320.0
CHICAGO O'HARE INTL ARPT,MD-80,None,8/9/00 0:00,AMERICAN AIRLINES,Illinois,Landing Roll,Small,Unknown bird - small,Day,0,0,0,60.0
NEWARK LIBERTY INTL ARPT,MD-80,None,10/24/90 0:00,CONTINENTAL AIRLINES,New Jersey,Take-off run,Medium,Unknown bird - medium,Night,0,0,0,
RONALD REAGAN WASHINGTON NATL,MD-80,None,9/25/95 0:00,AMERICAN AIRLINES,DC,Climb,Small,Unknown bird - small,Day,0,0,0,165.0
DENVER INTL AIRPORT,A-300,None,5/8/02 0:00,FEDEX EXPRESS,Colorado,Climb,Medium,Unknown bird - medium,Day,0,0,0,
LOUISVILLE INTL ARPT,B-737,None,5/8/92 0:00,UNITED AIRLINES,Kentucky,Climb,Small,European starling,Day,0,0,0,
LOS ANGELES INTL,B-737,None,11/3/90 0:00,AMERICA WEST AIRLINES,California,Climb,Small,Rock pigeon,Day,0,0,0,
MEMPHIS INTL,A-300,None,10/6/00 0:00,FEDEX EXPRESS,Tennessee,Approach,Medium,Unknown bird - medium,Night,0,0,0,170.0
DALLAS/FORT WORTH INTL ARPT,MD-82,Minor,9/26/99 0:00,AMERICAN AIRLINES,Texas,Approach,Small,Unknown bird - small,Night,0,0,0,250.0
NEW ORLEANS INTL,B-737-200,None,9/24/98 0:00,DELTA AIR LINES,Louisiana,Take-off run,Medium,Unknown bird - medium,Day,0,0,0,
GREATER PITTSBURGH,FOKKER F100,None,7/8/92 0:00,US AIRWAYS*,Pennsylvania,Approach,Small,European starling,Night,0,0,0,130.0
GREATER PITTSBURGH,MD-80,None,5/9/00 0:00,US AIRWAYS*,Pennsylvania,Approach,Medium,Unknown bird - medium,Day,0,0,0,130.0
DALLAS/FORT WORTH INTL ARPT,ATR-72,None,11/9/00 0:00,AMERICAN EAGLE AIRLINES,Texas,Descent,Small,Unknown bird - small,Night,0,0,0,240.0
CHARLESTON AFB/INTL ARPT,C-17A,None,10/7/01 0:00,MILITARY,South Carolina,Approach,Medium,Unknown bird or bat,Night,0,0,0,250.0
MEMPHIS INTL,B-737,Substantial,6/9/95 0:00,UNITED AIRLINES,Tennessee,Climb,Medium,Unknown bird - medium,Day,0,0,0,160.0
DALLAS/FORT WORTH INTL ARPT,B-757-200,None,8/25/93 0:00,AMERICAN AIRLINES,Texas,Climb,Small,Unknown bird - small,Day,0,0,0,250.0
PHILADELPHIA INTL,MD-80,None,8/4/96 0:00,AMERICAN AIRLINES,Pennsylvania,Approach,Medium,Unknown bird - medium,Day,0,0,0,140.0
AUSTIN-BERGSTROM INTL,B-737-300,None,9/9/01 0:00,SOUTHWEST AIRLINES,Texas,Approach,Small,Unknown bird - small,Day,0,0,0,220.0
PORTLAND INTL (OR),B-737,None,9/2/99 0:00,DELTA AIR LINES,Oregon,Approach,Medium,Unknown bird - medium,Day,0,0,0,
CINCINNATI/NORTHERN KENTUCKY INTL ARPT,B-757-200,None,4/9/00 0:00,DELTA AIR LINES,Kentucky,Approach,Small,Unknown bird - small,Dusk,0,0,0,125.0
LAGUARDIA NY,MD-80,None,1/26/97 0:00,DELTA AIR LINES,New York,Approach,Medium,Unknown bird - medium,Dusk,0,0,0,
EPPLEY AIRFIELD,BE-1900,None,8/10/93 0:00,MESA AIRLINES,Nebraska,Climb,Large,Unknown bird - large,Day,0,0,0,150.0
PORT COLUMBUS INTL,A-319,None,10/5/01 0:00,AMERICA WEST AIRLINES,Ohio,Approach,Small,Unknown bird - small,Night,0,0,0,185.0
SACRAMENTO INTL,B-727,None,11/11/94 0:00,DELTA AIR LINES,California,Approach,Medium,Unknown bird - medium,Night,0,0,0,
PHILADELPHIA INTL,DHC8 DASH 8,None,11/1/93 0:00,PIEDMONT AIRLINES,Pennsylvania,Climb,Medium,Unknown bird - medium,Night,0,0,0,120.0
CHICAGO O'HARE INTL ARPT,MD-80,None,8/6/93 0:00,AMERICAN AIRLINES,Illinois,Climb,Small,Unknown bird - small,Day,0,0,0,250.0
HONOLULU INTL ARPT,B-737-200,None,10/16/98 0:00,ALOHA AIRLINES,Hawaii,Climb,Small,Unknown bird - small,Day,0,0,0,135.0
SALT LAKE CITY INTL,KC-135E,None,11/18/99 0:00,MILITARY,Utah,Approach,Small,Unknown bird - small,Day,0,0,0,150.0
CINCINNATI/NORTHERN KENTUCKY INTL ARPT,B-757-200,None,6/30/02 0:00,DELTA AIR LINES,Kentucky,Approach,Small,Unknown bird - small,Day,0,0,0,130.0
BARKSDALE AIR FORCE BASE ARPT,B-52H,None,10/21/98 0:00,MILITARY,Louisiana,Approach,Small,Eastern meadowlark,Night,0,0,0,143.0
PHILADELPHIA INTL,B-737-300,Minor,7/28/01 0:00,US AIRWAYS*,Pennsylvania,Approach,Large,Canada goose,Dusk,0,0,0,
BALTIMORE WASH INTL,BA-31 JETSTR,None,6/9/90 0:00,PSA AIRLINES,Maryland,Take-off run,Small,Unknown bird - small,Day,0,0,0,130.0
RONALD REAGAN WASHINGTON NATL,B-737-400,None,5/9/92 0:00,US AIRWAYS*,DC,Approach,Large,Unknown bird - large,Night,0,0,0,140.0
NEWARK LIBERTY INTL ARPT,FOKKER F100,Minor,5/15/91 0:00,US AIRWAYS*,New Jersey,Approach,Medium,Unknown bird - medium,Dusk,0,0,0,170.0
NEW ORLEANS INTL,MD-88,None,7/18/95 0:00,DELTA AIR LINES,Louisiana,Landing Roll,Small,Unknown bird - small,Day,0,0,0,60.0
SACRAMENTO INTL,B-737-300,None,9/28/90 0:00,UNITED AIRLINES,California,Approach,Medium,Unknown bird - medium,Night,0,0,0,140.0
PHILADELPHIA INTL,B-737-300,Minor,6/10/02 0:00,US AIRWAYS*,Pennsylvania,Approach,Medium,Unknown bird - medium,Day,0,0,0,
PHILADELPHIA INTL,B-757-200,Minor,3/22/98 0:00,US AIRWAYS*,Pennsylvania,Landing Roll,Large,White-tailed deer,Night,0,0,0,
DALLAS/FORT WORTH INTL ARPT,MD-80,None,7/24/01 0:00,AMERICAN AIRLINES,Texas,Climb,Small,Unknown bird - small,Night,0,0,0,250.0
GREATER PITTSBURGH,DC-9-30,Medium,12/21/90 0:00,US AIRWAYS*,Pennsylvania,Approach,Medium,Unknown bird - medium,Night,0,0,0,250.0
SACRAMENTO INTL,B-737-300,None,4/27/98 0:00,AMERICA WEST AIRLINES,California,Climb,Small,Unknown bird - small,Night,0,0,0,250.0
LOS ANGELES INTL,A-320,None,4/3/97 0:00,UNITED AIRLINES,California,Climb,Small,Unknown bird - small,Day,0,0,0,
CHARLESTON AFB/INTL ARPT,C-17A,None,3/21/02 0:00,MILITARY,South Carolina,Take-off run,Medium,Unknown bird or bat,Day,0,0,0,
LAGUARDIA NY,FOKKER F28 MK 1000,None,11/20/96 0:00,AMERICAN AIRLINES,New York,Approach,Medium,Unknown bird - medium,Day,0,0,0,135.0
SALT LAKE CITY INTL,EMB-120,None,1/6/01 0:00,SKYWEST AIRLINES,Utah,Landing Roll,Medium,Unknown bird - medium,Dawn,0,0,0,
CHICAGO O'HARE INTL ARPT,MD-80,None,10/27/00 0:00,AMERICAN AIRLINES,Illinois,Climb,Medium,Unknown bird - medium,Dusk,0,0,0,200.0
PHILADELPHIA INTL,A-320,None,12/6/98 0:00,NORTHWEST AIRLINES,Pennsylvania,Approach,Medium,Unknown bird - medium,Day,0,0,0,130.0
NASHVILLE INTL,B-737-300,None,9/10/95 0:00,SOUTHWEST AIRLINES,Tennessee,Climb,Medium,Unknown bird - medium,Day,0,0,0,240.0
FORT LAUDERDALE/HOLLYWOOD INTL,DC-10-30,None,11/18/98 0:00,FEDEX EXPRESS,Florida,Approach,Medium,Unknown bird - medium,Night,0,0,0,
DENVER INTL AIRPORT,MD-80,None,7/8/01 0:00,AMERICAN AIRLINES,Colorado,Take-off run,Small,Unknown bird - small,Day,0,0,0,130.0
DALLAS/FORT WORTH INTL ARPT,B-727-200,None,5/28/01 0:00,AMERICAN AIRLINES,Texas,Landing Roll,Small,Rock pigeon,Day,0,0,0,110.0
BALTIMORE WASH INTL,B-737-300,None,2/15/02 0:00,SOUTHWEST AIRLINES,Maryland,Take-off run,Medium,Ring-billed gull,Day,0,0,0,135.0
AUSTIN-BERGSTROM INTL,MD-80,None,8/7/96 0:00,CONTINENTAL AIRLINES,Texas,Landing Roll,Medium,Unknown bird - medium,Night,0,0,0,
SALT LAKE CITY INTL,B-737,None,8/8/94 0:00,UNITED AIRLINES,Utah,Take-off run,Medium,Unknown bird - medium,Day,0,0,0,
INDIANAPOLIS INTL,A-300,None,5/3/00 0:00,FEDEX EXPRESS,Indiana,Approach,Small,Unknown bird - small,Night,0,0,0,240.0
PHILADELPHIA INTL,B-737-500,None,10/27/99 0:00,UNITED AIRLINES,Pennsylvania,Approach,Large,Canada goose,Night,0,0,0,135.0
CHARLESTON AFB/INTL ARPT,C-141B,None,8/9/93 0:00,MILITARY,South Carolina,Take-off run,Medium,Unknown bird or bat,Day,0,0,0,100.0
CHICAGO MIDWAY INTL ARPT,B-737-300,None,6/24/93 0:00,SOUTHWEST AIRLINES,Illinois,Approach,Small,Unknown bird - small,Day,0,0,0,
BALTIMORE WASH INTL,BA-31 JETSTR,None,8/13/99 0:00,ATLANTIC COAST AIRLINES,Maryland,Approach,Small,Unknown bird - small,Day,0,0,0,130.0
SACRAMENTO INTL,B-737-300,Minor,1/3/97 0:00,SOUTHWEST AIRLINES,California,Climb,Large,Unknown bird - large,Night,0,0,0,210.0
WASHINGTON DULLES INTL ARPT,EMB-120,None,6/26/93 0:00,COMAIR AIRLINES,DC,Climb,Medium,American crow,Day,0,0,0,120.0
NEWARK LIBERTY INTL ARPT,B-737-200,None,4/15/98 0:00,DELTA AIR LINES,New Jersey,Approach,Small,Unknown bird - small,Night,0,0,0,280.0
ORLANDO INTL,B-757-200,None,10/30/00 0:00,AMERICA WEST AIRLINES,Florida,Approach,Medium,Unknown bird - medium,Dawn,0,0,0,170.0
HONOLULU INTL ARPT,DC-9-50,None,9/21/99 0:00,HAWAIIAN AIR,Hawaii,Landing Roll,Small,Unknown bird - small,Dusk,0,0,0,125.0
CLEVELAND-HOPKINS INTL ARPT,EMB-120,None,9/9/98 0:00,EXPRESSJET (CONTINENTAL EXPRS),Ohio,Landing Roll,Small,Unknown bird - small,Day,0,0,0,120.0
FORT LAUDERDALE/HOLLYWOOD INTL,B-727-200,None,11/2/91 0:00,AMERICAN AIRLINES,Florida,Descent,Medium,Unknown bird - medium,Day,0,0,0,270.0
LIHUE ARPT,B-737-200,None,12/30/99 0:00,ALOHA AIRLINES,Hawaii,Climb,Medium,Unknown bird - medium,Day,0,0,0,160.0
HONOLULU INTL ARPT,B-737-200,None,7/27/99 0:00,ALOHA AIRLINES,Hawaii,Approach,Large,Unknown bird - large,Day,0,0,0,160.0
LOGAN INTL,FOKKER F100,None,5/29/01 0:00,AMERICAN AIRLINES,Massachusetts,Approach,Small,Unknown bird - small,Night,0,0,0,180.0
TETERBORO AIRPORT,CL-601/604,Medium,4/9/00 0:00,BUSINESS,New Jersey,Take-off run,Medium,Mallard,Day,0,0,0,
PHILADELPHIA INTL,A-320,None,7/10/01 0:00,US AIRWAYS*,Pennsylvania,Approach,Small,Unknown bird - small,Night,0,0,0,150.0
CLEVELAND-HOPKINS INTL ARPT,B-737,None,12/20/00 0:00,CONTINENTAL AIRLINES,Ohio,Approach,Medium,Unknown bird - medium,Night,0,0,0,
SAN FRANCISCO INTL ARPT,B-767-200,None,11/20/96 0:00,AMERICAN AIRLINES,California,Climb,Medium,Unknown bird - medium,Day,0,0,0,145.0
ORLANDO INTL,MD-88,None,10/17/99 0:00,DELTA AIR LINES,Florida,Climb,Medium,Unknown bird - medium,Night,0,0,0,200.0
LOUISVILLE INTL ARPT,CITATION II,None,11/5/97 0:00,BUSINESS,Kentucky,Climb,Medium,Unknown bird - medium,Day,0,0,0,
BARKSDALE AIR FORCE BASE ARPT,A-10A,None,11/7/90 0:00,MILITARY,Louisiana,Approach,Medium,Unknown bird or bat,Day,0,783,783,160.0
INDIANAPOLIS INTL,B-737-200,None,7/24/97 0:00,SOUTHWEST AIRLINES,Indiana,Climb,Medium,Unknown bird - medium,Dusk,0,0,0,150.0
NEWARK LIBERTY INTL ARPT,B-727,None,10/25/95 0:00,CONTINENTAL AIRLINES,New Jersey,Approach,Medium,Unknown bird - medium,Night,0,0,0,250.0
BARKSDALE AIR FORCE BASE ARPT,B-52H,None,7/27/94 0:00,MILITARY,Louisiana,Approach,Small,Barn swallow,Day,0,0,0,145.0
LOS ANGELES INTL,B-737-300,None,7/29/96 0:00,SOUTHWEST AIRLINES,California,Approach,Medium,Unknown bird - medium,Night,0,0,0,180.0
SALT LAKE CITY INTL,CL-RJ100/200,Minor,6/23/00 0:00,SKYWEST AIRLINES,Utah,Approach,Small,Unknown bird - small,Day,0,0,0,142.0
BALTIMORE WASH INTL,SAAB-340,None,10/6/95 0:00,AMERICAN EAGLE AIRLINES,Maryland,Take-off run,Small,Rock pigeon,Day,0,0,0,
LOGAN INTL,DC-10-30,None,4/13/98 0:00,FEDEX EXPRESS,Massachusetts,Climb,Medium,Unknown bird - medium,Night,0,0,0,150.0
TETERBORO AIRPORT,C-560,None,11/20/96 0:00,BUSINESS,New Jersey,Approach,Medium,Red-tailed hawk,Day,0,0,0,
SALT LAKE CITY INTL,B-737-300,None,8/14/92 0:00,DELTA AIR LINES,Utah,Landing Roll,Medium,Unknown bird - medium,Day,0,0,0,
CHICAGO O'HARE INTL ARPT,FOKKER F100,None,7/11/02 0:00,AMERICAN AIRLINES,Illinois,Climb,Small,Unknown bird - small,Dusk,0,0,0,250.0
CHARLOTTE/DOUGLAS INTL ARPT,B-737-200,Medium,10/24/93 0:00,US AIRWAYS*,North Carolina,Approach,Medium,Unknown bird - medium,Day,0,0,0,135.0
CHICAGO O'HARE INTL ARPT,DC-10-10,None,7/29/94 0:00,AMERICAN AIRLINES,Illinois,Approach,Large,Unknown bird - large,Day,0,0,0,140.0
ATLANTA INTL,MD-80,None,3/26/97 0:00,DELTA AIR LINES,Georgia,Take-off run,Medium,Unknown bird - medium,Day,0,0,0,120.0
DENVER INTL AIRPORT,B-737-200,None,8/27/95 0:00,UNITED AIRLINES,Colorado,Landing Roll,Small,Unknown bird - small,Dusk,0,0,0,
ATLANTA INTL,B-757-200,None,10/7/00 0:00,DELTA AIR LINES,Georgia,Descent,Large,Unknown bird - large,Day,0,0,0,180.0
DALLAS/FORT WORTH INTL ARPT,MD-80,Minor,8/29/98 0:00,AMERICAN AIRLINES,Texas,Climb,Small,Unknown bird - small,Day,0,0,0,250.0
SALT LAKE CITY INTL,B-737,None,6/26/94 0:00,UNITED AIRLINES,Utah,Take-off run,Medium,Unknown bird - medium,Dawn,0,0,0,
CHARLOTTE/DOUGLAS INTL ARPT,MD-80,None,5/26/98 0:00,US AIRWAYS*,North Carolina,Landing Roll,Small,Unknown bird - small,Dusk,0,0,0,130.0
AUSTIN-BERGSTROM INTL,B-737-500,None,8/27/97 0:00,SOUTHWEST AIRLINES,Texas,Approach,Medium,Unknown bird - medium,Day,0,0,0,125.0
FORT LAUDERDALE/HOLLYWOOD INTL,B-757-200,Minor,4/21/00 0:00,AMERICAN AIRLINES,Florida,Climb,Large,Unknown bird - large,Day,0,0,0,250.0
HOUSTON-HOBBY,C-185 SKYWAG,None,8/8/95 0:00,UNKNOWN,Texas,Climb,Small,Unknown bird - small,Day,0,0,0,
PORTLAND INTL (OR),DHC8 DASH 8,None,9/16/00 0:00,HORIZON AIR,Oregon,Landing Roll,Small,Barn owl,Dawn,0,0,0,
BARKSDALE AIR FORCE BASE ARPT,B-52,None,4/25/90 0:00,MILITARY,Louisiana,Approach,Medium,Unknown bird or bat,Dusk,0,0,0,140.0
DALLAS/FORT WORTH INTL ARPT,MD-80,None,10/27/92 0:00,AMERICAN AIRLINES,Texas,Climb,Medium,Unknown bird - medium,Night,0,0,0,250.0
METRO OAKLAND INTL,DC-8-61,None,10/6/92 0:00,ABX AIR,California,Approach,Medium,Unknown bird - medium,Dawn,0,0,0,
CHICAGO O'HARE INTL ARPT,MD-83,None,8/18/97 0:00,AMERICAN AIRLINES,Illinois,Take-off run,Small,American kestrel,Day,0,0,0,120.0
GREATER PITTSBURGH,FOKKER F100,None,7/16/01 0:00,US AIRWAYS*,Pennsylvania,Approach,Small,Unknown bird - small,Dusk,0,0,0,
SAN ANTONIO INTL,B-727-200,None,10/12/92 0:00,AMERICAN AIRLINES,Texas,Approach,Small,Unknown bird - small,Night,0,0,0,170.0
MINNEAPOLIS-ST PAUL INTL,B-727-200,None,10/14/00 0:00,DELTA AIR LINES,Minnesota,Approach,Medium,Unknown bird - medium,Night,0,0,0,145.0
DALLAS/FORT WORTH INTL ARPT,MD-80,None,2/14/01 0:00,AMERICAN AIRLINES,Texas,Landing Roll,Small,Unknown bird - small,Day,0,0,0,100.0
DALLAS/FORT WORTH INTL ARPT,MD-82,None,8/30/91 0:00,AMERICAN AIRLINES,Texas,Approach,Small,American robin,Day,0,0,0,135.0
AUSTIN-BERGSTROM INTL,B-727,None,2/7/91 0:00,AMERICAN AIRLINES,Texas,Climb,Medium,Unknown bird - medium,Day,0,0,0,150.0
NEW ORLEANS INTL,B-727-200,Medium,7/12/94 0:00,CONTINENTAL AIRLINES,Louisiana,Climb,Small,Laughing gull,Day,0,0,0,
GREATER PITTSBURGH,SAAB-340,None,10/23/01 0:00,AMERICAN EAGLE AIRLINES,Pennsylvania,Approach,Medium,Unknown bird - medium,Night,0,0,0,190.0
CHARLOTTE/DOUGLAS INTL ARPT,B-737-200,None,9/22/93 0:00,US AIRWAYS*,North Carolina,Climb,Small,Unknown bird - small,Night,0,0,0,200.0
DALLAS/FORT WORTH INTL ARPT,FOKKER F100,None,5/19/01 0:00,AMERICAN AIRLINES,Texas,Landing Roll,Medium,Unknown bird - medium,Day,0,0,0,
BARKSDALE AIR FORCE BASE ARPT,B-52H,C,7/30/98 0:00,MILITARY,Louisiana,Approach,Large,Great blue heron,Night,0,21360,21360,150.0
CHICAGO MIDWAY INTL ARPT,B-737-300,None,4/25/02 0:00,SOUTHWEST AIRLINES,Illinois,Landing Roll,Medium,Ring-billed gull,Day,0,0,0,100.0
DENVER INTL AIRPORT,B-737-300,None,6/26/01 0:00,UNITED AIRLINES,Colorado,Take-off run,Medium,Unknown bird - medium,Day,0,0,0,140.0
BALTIMORE WASH INTL,B-737-300,Medium,11/22/91 0:00,US AIRWAYS*,Maryland,Take-off run,Medium,Herring gull,Day,0,0,0,135.0
CHICAGO O'HARE INTL ARPT,B-767-200,None,9/30/91 0:00,AMERICAN AIRLINES,Illinois,Take-off run,Medium,Unknown bird - medium,Day,0,0,0,135.0
WASHINGTON DULLES INTL ARPT,CL-RJ100/200,None,7/26/01 0:00,ATLANTIC COAST AIRLINES,DC,Approach,Small,Unknown bird - small,Day,0,0,0,146.0
MEMPHIS INTL,A-300,Substantial,3/26/97 0:00,FEDEX EXPRESS,Tennessee,Climb,Large,Unknown bird - large,Day,0,0,0,180.0
KANSAS CITY INTL,B-737-300,None,9/11/96 0:00,SOUTHWEST AIRLINES,Missouri,Approach,Small,Unknown bird - small,Night,0,0,0,135.0
NEW ORLEANS INTL,B-737-700,None,9/9/99 0:00,SOUTHWEST AIRLINES,Louisiana,Approach,Small,Unknown bird - small,Night,0,0,0,130.0
DALLAS/FORT WORTH INTL ARPT,MD-80,None,8/18/97 0:00,AMERICAN AIRLINES,Texas,Approach,Small,Unknown bird - small,Day,0,0,0,130.0
GREATER PITTSBURGH,DC-9-30,None,7/21/02 0:00,AIRTRAN AIRWAYS,Pennsylvania,Take-off run,Medium,Red-tailed hawk,Dusk,0,0,0,
PORTLAND INTL (OR),BE-300 KING,Minor,11/2/90 0:00,BUSINESS,Oregon,Approach,Large,Unknown bird - large,Dusk,17394,1739,19133,175.0
GREATER PITTSBURGH,MD-80,None,9/5/98 0:00,US AIRWAYS*,Pennsylvania,Landing Roll,Small,Unknown bird - small,Dusk,0,0,0,110.0
KANSAS CITY INTL,B-727-200,None,10/12/98 0:00,AMERICAN AIRLINES,Missouri,Approach,Small,Unknown bird - small,Night,0,0,0,135.0
NEW ORLEANS INTL,MD-88,Minor,2/21/01 0:00,DELTA AIR LINES,Louisiana,Climb,Large,Unknown bird - large,Dawn,0,0,0,180.0
FORT LAUDERDALE/HOLLYWOOD INTL,B-737-700,None,9/24/00 0:00,SOUTHWEST AIRLINES,Florida,Descent,Medium,Unknown bird - medium,Night,0,0,0,220.0
PHILADELPHIA INTL,MD-82,None,10/17/90 0:00,AMERICAN AIRLINES,Pennsylvania,Approach,Small,Unknown bird - small,Night,0,0,0,140.0
BARKSDALE AIR FORCE BASE ARPT,KC-10A,None,9/6/94 0:00,MILITARY,Louisiana,Climb,Medium,Unknown bird or bat,Night,0,0,0,160.0
KANSAS CITY INTL,B-737-300,None,7/9/00 0:00,SOUTHWEST AIRLINES,Missouri,Landing Roll,Small,Killdeer,Dusk,0,0,0,110.0
